id,index,millis,gas_index,mes_index,temperature,pressure,humidity,gas_resistance,status,label
967467615,0,818,0,0,28.51,93304.13,44.96,1645640.87,b0,alcohol
967467615,0,5032,0,29,28.58,93306.93,44.71,66597.30,b0,alcohol
967467615,0,5719,1,34,28.73,93314.85,44.39,5684.85,b0,alcohol
967467615,0,6406,2,39,27.96,93305.55,43.90,22783.91,b0,alcohol
967467615,0,7093,3,44,28.49,93305.44,43.63,5684.85,b0,alcohol
967467615,0,7780,4,49,28.43,93306.55,43.25,5684.85,b0,alcohol
967467615,0,12214,0,29,28.60,93304.60,40.93,5684.85,b0,alcohol
967467615,0,12999,1,34,28.96,93308.76,40.69,5684.85,b0,alcohol
967467615,0,13686,2,39,28.14,93305.36,40.30,12357.60,b0,alcohol
967467615,0,14373,3,44,28.77,93311.61,40.21,5684.85,b0,alcohol
967467615,0,15060,4,49,28.71,93310.80,39.99,5684.85,b0,alcohol
967467615,0,19454,0,29,28.66,93309.27,38.88,5684.85,b0,alcohol
967467615,0,20239,1,34,29.01,93307.81,38.80,5684.85,b0,alcohol
967467615,0,20926,2,39,28.20,93304.64,38.58,10610.08,b0,alcohol
967467615,0,21613,3,44,28.83,93313.46,38.62,5684.85,b0,alcohol
967467615,0,22300,4,49,28.76,93311.51,38.55,5684.85,b0,alcohol
967467615,0,26704,0,29,28.71,93318.76,38.04,5684.85,b0,alcohol
967467615,0,27489,1,34,29.06,93313.34,38.03,5684.85,b0,alcohol
967467615,0,28176,2,39,28.25,93311.59,37.87,10097.82,b0,alcohol
967467615,0,28863,3,44,28.88,93309.41,37.97,5684.85,b0,alcohol
967467615,0,29550,4,49,28.81,93314.38,37.96,5684.85,b0,alcohol
967467615,0,33944,0,29,28.76,93313.49,37.69,5684.85,b0,alcohol
967467615,0,34729,1,34,29.11,93313.44,37.71,5684.85,b0,alcohol
967467615,0,35416,2,39,28.30,93313.30,37.58,9975.06,b0,alcohol
967467615,0,36103,3,44,28.93,93315.71,37.69,5684.85,b0,alcohol
967467615,0,36790,4,49,28.86,93318.91,37.70,5684.85,b0,alcohol
967467615,0,41194,0,29,28.80,93317.63,37.54,5684.85,b0,alcohol
967467615,0,41881,1,34,29.16,93317.55,37.56,5684.85,b0,alcohol
967467615,0,42666,2,39,28.34,93319.43,37.44,9947.16,b0,alcohol
967467615,0,43353,3,44,28.97,93316.66,37.56,5684.85,b0,alcohol
967467615,0,44040,4,49,28.90,93319.48,37.58,5684.85,b0,alcohol
967467615,0,48434,0,29,28.85,93323.74,37.45,5684.85,b0,alcohol
967467615,0,49219,1,34,29.20,93324.10,37.49,5684.85,b0,alcohol
967467615,0,49906,2,39,28.39,93323.76,37.35,10040.79,b0,alcohol
967467615,0,50593,3,44,29.02,93323.59,37.49,5684.85,b0,alcohol
967467615,0,51280,4,49,28.94,93323.80,37.50,5684.85,b0,alcohol
967467615,0,55674,0,29,28.90,93330.28,37.41,5684.85,b0,alcohol
967467615,0,56459,1,34,29.24,93329.06,37.45,5684.85,b0,alcohol
967467615,0,57146,2,39,28.43,93324.34,37.33,10233.45,b0,alcohol
967467615,0,57833,3,44,29.06,93329.32,37.48,5684.85,b0,alcohol
967467615,0,58520,4,49,28.98,93325.78,37.49,5684.85,b0,alcohol
967467615,0,62924,0,29,28.93,93330.66,37.40,5684.85,b0,alcohol
967467615,0,63709,1,34,29.28,93331.84,37.45,5684.85,b0,alcohol
967467615,0,64396,2,39,28.47,93325.74,37.33,10332.58,b0,alcohol
967467615,0,65083,3,44,29.10,93333.12,37.47,5684.85,b0,alcohol
967467615,0,65770,4,49,29.03,93336.33,37.48,5684.85,b0,alcohol
967467615,0,70174,0,29,28.97,93331.48,37.39,5684.85,b0,alcohol
967467615,0,70861,1,34,29.31,93330.23,37.44,5684.85,b0,alcohol
967467615,0,71646,2,39,28.50,93332.72,37.33,10443.86,b0,alcohol
967467615,0,72333,3,44,29.13,93334.89,37.47,5684.85,b0,alcohol
967467615,0,73020,4,49,29.06,93332.13,37.47,5684.85,b0,alcohol
967467615,0,77414,0,29,29.00,93332.66,37.39,5684.85,b0,alcohol
967467615,0,78199,1,34,29.35,93330.22,37.43,5684.85,b0,alcohol
967467615,0,78886,2,39,28.54,93328.34,37.32,10568.03,b0,alcohol
967467615,0,79573,3,44,29.17,93338.69,37.46,5684.85,b0,alcohol
967467615,0,80260,4,49,29.10,93338.90,37.47,5684.85,b0,alcohol
967467615,0,84654,0,29,29.04,93338.83,37.40,5684.85,b0,alcohol
967467615,0,85439,1,34,29.38,93332.81,37.45,5684.85,b0,alcohol
967467615,0,86126,2,39,28.57,93333.92,37.33,10727.46,b0,alcohol
967467615,0,86813,3,44,29.20,93338.68,37.47,5684.85,b0,alcohol
967467615,0,87500,4,49,29.13,93339.09,37.48,5684.85,b0,alcohol
967467615,0,91904,0,29,29.08,93344.02,37.41,5684.85,b0,alcohol
967467615,0,92591,1,34,29.42,93343.41,37.46,5684.85,b0,alcohol
967467615,0,93376,2,39,28.60,93343.94,37.35,10925.23,b0,alcohol
967467615,0,94063,3,44,29.23,93343.10,37.47,5684.85,b0,alcohol
967467615,0,94750,4,49,29.17,93346.88,37.51,5684.85,b0,alcohol
967467615,0,99144,0,29,29.11,93343.82,37.44,5684.85,b0,alcohol
967467615,0,99929,1,34,29.45,93347.21,37.48,5684.85,b0,alcohol
967467615,0,100616,2,39,28.64,93346.34,37.36,11061.18,b0,alcohol
967467615,0,101303,3,44,29.27,93345.70,37.51,5684.85,b0,alcohol
967467615,0,101990,4,49,29.20,93346.48,37.53,5684.85,b0,alcohol
967467615,0,106394,0,29,29.14,93341.08,37.46,5684.85,b0,alcohol
967467615,0,107081,1,34,29.48,93347.84,37.51,5684.85,b0,alcohol
967467615,0,107866,2,39,28.67,93346.77,37.39,11259.68,b0,alcohol
967467615,0,108553,3,44,29.29,93343.94,37.54,5684.85,b0,alcohol
967467615,0,109240,4,49,29.23,93346.14,37.55,5684.85,b0,alcohol
967467615,0,113634,0,29,29.17,93347.09,37.50,5684.85,b0,alcohol
967467615,0,114321,1,34,29.51,93344.48,37.55,5684.85,b0,alcohol
967467615,0,115106,2,39,28.69,93344.85,37.45,11428.57,b0,alcohol
967467615,0,115793,3,44,29.32,93345.01,37.58,5684.85,b0,alcohol
967467615,0,116480,4,49,29.25,93348.61,37.60,5684.85,b0,alcohol
967467615,0,120874,0,29,29.19,93343.94,37.55,5684.85,b0,alcohol
967467615,0,121659,1,34,29.53,93348.71,37.58,5684.85,b0,alcohol
967467615,0,122346,2,39,28.72,93345.89,37.47,11539.85,b0,alcohol
967467615,0,123033,3,44,29.35,93355.41,37.61,5684.85,b0,alcohol
967467615,0,123720,4,49,29.28,93349.83,37.63,5684.85,b0,alcohol
967467615,0,128114,0,29,29.22,93356.38,37.56,5684.85,b0,alcohol
967467615,0,128899,1,34,29.57,93352.31,37.60,5684.85,b0,alcohol
967467615,0,129586,2,39,28.74,93349.94,37.48,11678.83,b0,alcohol
967467615,0,130273,3,44,29.37,93355.50,37.62,5684.85,b0,alcohol
967467615,0,130960,4,49,29.30,93351.91,37.64,5684.85,b0,alcohol
967467615,0,135364,0,29,29.24,93350.05,37.56,5684.85,b0,alcohol
967467615,0,136051,1,34,29.58,93349.21,37.61,5684.85,b0,alcohol
967467615,0,136836,2,39,28.77,93355.01,37.49,12112.04,b0,alcohol
967467615,0,137523,3,44,29.40,93354.14,37.62,5684.85,b0,alcohol
967467615,0,138210,4,49,29.33,93357.34,37.64,5684.85,b0,alcohol
967467615,0,142604,0,29,29.26,93354.72,37.59,5684.85,b0,alcohol
967467615,0,143389,1,34,29.61,93351.48,37.63,5684.85,b0,alcohol
967467615,0,144076,2,39,28.79,93349.89,37.51,12321.91,b0,alcohol
967467615,0,144763,3,44,29.42,93355.83,37.66,5684.85,b0,alcohol
967467615,0,145450,4,49,29.35,93354.84,37.67,5684.85,b0,alcohol
967467615,0,149854,0,29,29.29,93359.78,37.62,5684.85,b0,alcohol
967467615,0,150639,1,34,29.63,93356.93,37.67,5684.85,b0,alcohol
967467615,0,151326,2,39,28.81,93358.13,37.56,12465.91,b0,alcohol
967467615,0,152013,3,44,29.44,93359.67,37.68,5684.85,b0,alcohol
967467615,0,152700,4,49,29.36,93353.52,37.71,5684.85,b0,alcohol
967467615,0,157094,0,29,29.31,93357.45,37.64,5684.85,b0,alcohol
967467615,0,157879,1,34,29.65,93360.38,37.69,5684.85,b0,alcohol
967467615,0,158566,2,39,28.84,93358.37,37.56,12695.89,b0,alcohol
967467615,0,159253,3,44,29.46,93362.75,37.70,5684.85,b0,alcohol
967467615,0,159940,4,49,29.39,93364.57,37.72,5684.85,b0,alcohol
967467615,0,164344,0,29,29.33,93359.52,37.64,5684.85,b0,alcohol
967467615,0,165031,1,34,29.68,93357.04,37.68,5684.85,b0,alcohol
967467615,0,165816,2,39,28.86,93359.66,37.56,12887.64,b0,alcohol
967467615,0,166503,3,44,29.49,93354.00,37.70,5684.85,b0,alcohol
967467615,0,167190,4,49,29.41,93360.84,37.70,5684.85,b0,alcohol
967467615,0,171584,0,29,29.35,93362.41,37.64,5684.85,b0,alcohol
967467615,0,172369,1,34,29.70,93358.53,37.68,5684.85,b0,alcohol
967467615,0,173056,2,39,28.88,93358.37,37.56,13053.23,b0,alcohol
967467615,0,173743,3,44,29.51,93361.48,37.69,5684.85,b0,alcohol
967467615,0,174430,4,49,29.43,93358.96,37.71,5684.85,b0,alcohol
967467615,0,178824,0,29,29.36,93356.57,37.64,5684.85,b0,alcohol
967467615,0,179609,1,34,29.71,93359.23,37.68,5684.85,b0,alcohol
967467615,0,180296,2,39,28.89,93360.66,37.56,13206.77,b0,alcohol
967467615,0,180983,3,44,29.52,93360.21,37.70,5684.85,b0,alcohol
967467615,0,181670,4,49,29.44,93360.05,37.71,5684.85,b0,alcohol
967467615,0,186074,0,29,29.38,93359.02,37.64,5684.85,b0,alcohol
967467615,0,186761,1,34,29.73,93357.73,37.69,5684.85,b0,alcohol
967467615,0,187546,2,39,28.90,93359.41,37.57,13389.12,b0,alcohol
967467615,0,188233,3,44,29.54,93356.49,37.71,5684.85,b0,alcohol
967467615,0,188920,4,49,29.46,93361.72,37.72,5684.85,b0,alcohol
967467615,0,193314,0,29,29.40,93363.11,37.66,5684.85,b0,alcohol
967467615,0,194099,1,34,29.74,93355.45,37.71,5684.85,b0,alcohol
967467615,0,194786,2,39,28.92,93359.70,37.60,13550.71,b0,alcohol
967467615,0,195473,3,44,29.55,93361.60,37.74,5684.85,b0,alcohol
967467615,0,196160,4,49,29.48,93358.83,37.75,5684.85,b0,alcohol
967467615,0,200564,0,29,29.41,93356.45,37.71,5684.85,b0,alcohol
967467615,0,201349,1,34,29.76,93355.74,37.75,5684.85,b0,alcohol
967467615,0,202036,2,39,28.94,93360.99,37.63,13769.36,b0,alcohol
967467615,0,202723,3,44,29.57,93353.72,37.76,5684.85,b0,alcohol
967467615,0,203410,4,49,29.50,93358.35,37.78,5684.85,b0,alcohol
967467615,0,207804,0,29,29.43,93353.16,37.73,5684.85,b0,alcohol
967467615,0,208589,1,34,29.77,93352.88,37.77,5684.85,b0,alcohol
967467615,0,209276,2,39,28.95,93355.73,37.66,13958.56,b0,alcohol
967467615,0,209963,3,44,29.58,93352.02,37.79,5684.85,b0,alcohol
967467615,0,210650,4,49,29.50,93355.29,37.80,5684.85,b0,alcohol
967467615,0,215054,0,29,29.44,93362.66,37.73,5684.85,b0,alcohol
967467615,0,215839,1,34,29.79,93354.57,37.77,5684.85,b0,alcohol
967467615,0,216526,2,39,28.97,93355.05,37.66,14004.38,b0,alcohol
967467615,0,217213,3,44,29.60,93354.91,37.78,5684.85,b0,alcohol
967467615,0,217900,4,49,29.52,93359.97,37.80,5684.85,b0,alcohol
967467615,0,222294,0,29,29.46,93357.16,37.73,5684.85,b0,alcohol
967467615,0,223079,1,34,29.81,93356.23,37.78,5684.85,b0,alcohol
967467615,0,223766,2,39,28.99,93362.34,37.66,14153.03,b0,alcohol
967467615,0,224453,3,44,29.61,93354.46,37.78,5684.85,b0,alcohol
967467615,0,225140,4,49,29.54,93360.05,37.80,5684.85,b0,alcohol
967467615,0,229544,0,29,29.48,93359.46,37.73,5684.85,b0,alcohol
967467615,0,230329,1,34,29.81,93351.22,37.78,5684.85,b0,alcohol
967467615,0,231016,2,39,28.99,93350.91,37.66,14304.87,b0,alcohol
967467615,0,231703,3,44,29.62,93355.58,37.79,5684.85,b0,alcohol
967467615,0,232390,4,49,29.55,93358.41,37.80,5684.85,b0,alcohol
967467615,0,236794,0,29,29.49,93361.77,37.75,5684.85,b0,alcohol
967467615,0,237481,1,34,29.83,93355.31,37.79,5684.85,b0,alcohol
967467615,0,238266,2,39,29.01,93361.61,37.67,14411.17,b0,alcohol
967467615,0,238953,3,44,29.64,93359.67,37.80,5684.85,b0,alcohol
967467615,0,239640,4,49,29.57,93358.10,37.83,5684.85,b0,alcohol
967467615,0,244034,0,29,29.50,93361.91,37.75,5684.85,b0,alcohol
967467615,0,244819,1,34,29.85,93357.61,37.80,5684.85,b0,alcohol
967467615,0,245506,2,39,29.02,93351.96,37.68,14618.55,b0,alcohol
967467615,0,246193,3,44,29.65,93351.79,37.81,5684.85,b0,alcohol
967467615,0,246880,4,49,29.58,93352.84,37.82,5684.85,b0,alcohol
967467615,0,251274,0,29,29.51,93356.46,37.74,5684.85,b0,alcohol
967467615,0,252059,1,34,29.86,93359.54,37.79,5684.85,b0,alcohol
967467615,0,252746,2,39,29.04,93352.43,37.67,14739.75,b0,alcohol
967467615,0,253433,3,44,29.67,93355.49,37.80,5684.85,b0,alcohol
967467615,0,254120,4,49,29.59,93350.56,37.82,5684.85,b0,alcohol
967467615,0,258524,0,29,29.52,93349.40,37.74,5684.85,b0,alcohol
967467615,0,259309,1,34,29.87,93356.50,37.78,5684.85,b0,alcohol
967467615,0,259996,2,39,29.05,93354.75,37.66,14883.72,b0,alcohol
967467615,0,260683,3,44,29.68,93353.86,37.79,5684.85,b0,alcohol
967467615,0,261370,4,49,29.60,93357.91,37.80,5684.85,b0,alcohol
